{"cameraMode":{"drawMode":0,"name":"Shaded","section":"Shading Mode"},"sceneLighting":true,"audioPlay":false,"sceneViewState":{"showFog":false,"showMaterialUpdate":false,"showSkybox":false,"showFlares":false,"showImageEffects":false,"showParticleSystems":true},"in2DMode":false,"pivot":{"x":-11.118452072143555,"y":-1.5479049682617188,"z":0.0},"rotation":{"x":0.09600966423749924,"y":0.05611397698521614,"z":-0.005420830100774765,"w":0.9937826991081238},"size":7.291589736938477,"orthographic":false}