{"cameraMode":{"drawMode":0,"name":"Shaded","section":"Shading Mode"},"sceneLighting":false,"audioPlay":false,"sceneViewState":{"showFog":false,"showMaterialUpdate":false,"showSkybox":false,"showFlares":false,"showImageEffects":false,"showParticleSystems":true},"in2DMode":false,"pivot":{"x":-1.1861613988876343,"y":-0.9763078689575195,"z":-1.6062606573104859},"rotation":{"x":-0.0515742264688015,"y":-0.27787140011787417,"z":0.014941743575036526,"w":-0.9591164588928223},"size":2.3566715717315676,"orthographic":false}